<drawing><figures><ent id="0"><children><r id="1" x="1016" y="296" w="80" h="40"><a><fillColor><color rgba="#ffebffe8"/></fillColor></a></r><t id="2" x="1041.2607421875" y="308.7080078125"><a><text><string>Livro</string></text></a></t></children></ent><atrchave id="3" nullable="false" attributeType="NUMBER"><children><e id="4" x="863" y="201" w="80" h="20"><a><fillColor><color rgba="#ffffebeb"/></fillColor></a></e><t id="5" x="885.8115234375" y="203.7080078125"><a><fontUnderlined><boolean>true</boolean></fontUnderlined><fontBold><boolean>true</boolean></fontBold><text><string>ISBN</string></text></a></t></children></atrchave><atr id="6" nullable="false" attributeType="VARCHAR2(128)"><children><e id="7" x="896" y="175" w="80" h="20"><a><fillColor><color rgba="#ffffebeb"/></fillColor></a></e><t id="8" x="919.20703125" y="177.7080078125"><a><text><string>T&#xed;tulo</string></text></a></t></children></atr><lcaf id="9"><points><p colinear="true" x="917.5714285714286" y="221" c1x="820" c1y="158" c2x="820" c2y="158"/><p colinear="true" x="1026.857142857143" y="296" c1x="820" c1y="158" c2x="820" c2y="158"/></points><startConnector><rConnector id="a"><Owner><atrchave ref="3"/></Owner></rConnector></startConnector><endConnector><rConnector id="b"><Owner><ent ref="0"/></Owner></rConnector></endConnector></lcaf><lcaf id="c"><points><p colinear="true" x="945.1603053435115" y="195" c1x="820" c1y="158" c2x="820" c2y="158"/><p colinear="true" x="1037.679389312977" y="296" c1x="820" c1y="158" c2x="820" c2y="158"/></points><startConnector><rConnector id="d"><Owner><atr ref="6"/></Owner></rConnector></startConnector><endConnector><rConnector id="e"><Owner><ent ref="0"/></Owner></rConnector></endConnector></lcaf><ent id="f"><children><r id="10" x="1408" y="294" w="80" h="40"><a><fillColor><color rgba="#ffebffe8"/></fillColor></a></r><t id="11" x="1431.53515625" y="306.7080078125"><a><text><string>Autor</string></text></a></t></children></ent><rel id="12"><children><diamond id="13" x="1212" y="298" w="80" h="40"><a><fillColor><color rgba="#ffddddff"/></fillColor></a></diamond><t id="14" x="1231.556640625" y="310.7080078125"><a><text><string>Redige</string></text></a></t></children></rel><llabelDoubleMuitos id="15"><points><p colinear="true" x="1292" y="317.18367346938777" c1x="820" c1y="158" c2x="820" c2y="158"/><p colinear="true" x="1408" y="314.81632653061223" c1x="820" c1y="158" c2x="820" c2y="158"/></points><startConnector><rConnector id="16"><Owner><rel ref="12"/></Owner></rConnector></startConnector><endConnector><rConnector id="17"><Owner><ent ref="f"/></Owner></rConnector></endConnector><a><innerStrokeWidthFactor><double>3</double></innerStrokeWidthFactor><text><string>N</string></text></a></llabelDoubleMuitos><rel id="18"><children><diamond id="19" x="1018" y="426" w="80" h="40"><a><fillColor><color rgba="#ffddddff"/></fillColor></a></diamond><t id="1a" x="1039.044921875" y="438.7080078125"><a><text><string>Possui</string></text></a></t></children></rel><entfraca id="1b"><children><r id="1c" x="1020" y="538" w="80" h="40"><a><fillColor><color rgba="#ffebffe8"/></fillColor><strokeType><enum type="strokeType">DOUBLE</enum></strokeType><innerStrokeWidthFactor><double>3</double></innerStrokeWidthFactor></a></r><t id="1d" x="1031.6962890625" y="550.7080078125"><a><text><string>Exemplar</string></text></a></t></children></entfraca><llabelDoubleMuitos id="1e"><points><p colinear="true" x="1058.357142857143" y="466" c1x="477" c1y="156" c2x="477" c2y="156"/><p colinear="true" x="1059.642857142857" y="538" c1x="477" c1y="156" c2x="477" c2y="156"/></points><startConnector><rConnector id="1f"><Owner><rel ref="18"/></Owner></rConnector></startConnector><endConnector><rConnector id="20"><Owner><entfraca ref="1b"/></Owner></rConnector></endConnector><a><innerStrokeWidthFactor><double>3</double></innerStrokeWidthFactor><text><string>N</string></text></a></llabelDoubleMuitos><llabelUm id="21"><points><p colinear="true" x="1057.6923076923076" y="426" c1x="477" c1y="156" c2x="477" c2y="156"/><p colinear="true" x="1056.3076923076924" y="336" c1x="477" c1y="156" c2x="477" c2y="156"/></points><startConnector><rConnector id="22"><Owner><rel ref="18"/></Owner></rConnector></startConnector><endConnector><rConnector id="23"><Owner><ent ref="0"/></Owner></rConnector></endConnector></llabelUm><atrchave id="24" nullable="false" attributeType="NUMBER"><children><e id="25" x="1122" y="474" w="121.4609375" h="20"><a><fillColor><color rgba="#ffffebeb"/></fillColor></a></e><t id="26" x="1132" y="476.7080078125"><a><fontUnderlined><boolean>true</boolean></fontUnderlined><fontBold><boolean>true</boolean></fontBold><text><string>num_exemplar</string></text></a></t></children></atrchave><lcaf id="27"><points><p colinear="true" x="1166.1452702702702" y="494" c1x="477" c1y="156" c2x="477" c2y="156"/><p colinear="true" x="1093.1703969594594" y="538" c1x="477" c1y="156" c2x="477" c2y="156"/></points><startConnector><rConnector id="28"><Owner><atrchave ref="24"/></Owner></rConnector></startConnector><endConnector><rConnector id="29"><Owner><entfraca ref="1b"/></Owner></rConnector></endConnector></lcaf><ent id="2a"><children><r id="2b" x="480" y="544" w="80" h="40"><a><fillColor><color rgba="#ffebffe8"/></fillColor></a></r><t id="2c" x="497.2333984375" y="556.7080078125"><a><text><string>Usu&#xe1;rio</string></text></a></t></children></ent><rel id="2d"><children><diamond id="2e" x="480" y="628" w="80" h="40"><a><fillColor><color rgba="#ffddddff"/></fillColor></a></diamond><t id="2f" x="496.59765625" y="640.7080078125"><a><text><string>Cont&#xe9;m</string></text></a></t></children></rel><ent id="30"><children><r id="31" x="480" y="708" w="80" h="40"><a><fillColor><color rgba="#ffebffe8"/></fillColor></a></r><t id="32" x="491.078125" y="720.7080078125"><a><text><string>Categoria</string></text></a></t></children></ent><atr id="33" nullable="false" attributeType="VARCHAR2(128)"><children><e id="34" x="243" y="793" w="80" h="20"><a><fillColor><color rgba="#ffffebeb"/></fillColor></a></e><t id="35" x="266.1513671875" y="795.7080078125"><a><text><string>nome</string></text></a></t></children></atr><atr id="36" nullable="false" attributeType="VARCHAR2(128)"><children><e id="37" x="298" y="819" w="125.84375" h="20"><a><fillColor><color rgba="#ffffebeb"/></fillColor></a></e><t id="38" x="308" y="821.7080078125"><a><text><string>tempo_max_emp</string></text></a></t></children></atr><atrchave id="39" nullable="false" attributeType="NUMBER"><children><e id="3a" x="440" y="816" w="104.24609375" h="20"><a><fillColor><color rgba="#ffffebeb"/></fillColor></a></e><t id="3b" x="450" y="818.7080078125"><a><fontUnderlined><boolean>true</boolean></fontUnderlined><fontBold><boolean>true</boolean></fontBold><text><string>id_categoria</string></text></a></t></children></atrchave><lcaf id="3c"><points><p colinear="true" x="480" y="740.6582278481013" c1x="338" c1y="172" c2x="338" c2y="172"/><p colinear="true" x="314.6" y="793" c1x="338" c1y="172" c2x="338" c2y="172"/></points><startConnector><rConnector id="3d"><Owner><ent ref="30"/></Owner></rConnector></startConnector><endConnector><rConnector id="3e"><Owner><atr ref="33"/></Owner></rConnector></endConnector></lcaf><lcaf id="3f"><points><p colinear="true" x="488.49938118811883" y="748" c1x="338" c1y="172" c2x="338" c2y="172"/><p colinear="true" x="376.6721844059406" y="819" c1x="338" c1y="172" c2x="338" c2y="172"/></points><startConnector><rConnector id="40"><Owner><ent ref="30"/></Owner></rConnector></startConnector><endConnector><rConnector id="41"><Owner><atr ref="36"/></Owner></rConnector></endConnector></lcaf><lcaf id="42"><points><p colinear="true" x="514.3108258928571" y="748" c1x="338" c1y="172" c2x="338" c2y="172"/><p colinear="true" x="494.96763392857144" y="816" c1x="338" c1y="172" c2x="338" c2y="172"/></points><startConnector><rConnector id="43"><Owner><ent ref="30"/></Owner></rConnector></startConnector><endConnector><rConnector id="44"><Owner><atrchave ref="39"/></Owner></rConnector></endConnector></lcaf><llabelDoubleUm id="45"><points><p colinear="true" x="520" y="668" c1x="338" c1y="172" c2x="338" c2y="172"/><p colinear="true" x="520" y="708" c1x="338" c1y="172" c2x="338" c2y="172"/></points><startConnector><rConnector id="46"><Owner><rel ref="2d"/></Owner></rConnector></startConnector><endConnector><rConnector id="47"><Owner><ent ref="30"/></Owner></rConnector></endConnector><a><innerStrokeWidthFactor><double>3</double></innerStrokeWidthFactor></a></llabelDoubleUm><llabelDoubleMuitos id="48"><points><p colinear="true" x="520" y="628" c1x="338" c1y="172" c2x="338" c2y="172"/><p colinear="true" x="520" y="584" c1x="338" c1y="172" c2x="338" c2y="172"/></points><startConnector><rConnector id="49"><Owner><rel ref="2d"/></Owner></rConnector></startConnector><endConnector><rConnector id="4a"><Owner><ent ref="2a"/></Owner></rConnector></endConnector><a><innerStrokeWidthFactor><double>3</double></innerStrokeWidthFactor><text><string>N</string></text></a></llabelDoubleMuitos><ent id="4b"><children><r id="4c" x="1509" y="644" w="97" h="40"><a><fillColor><color rgba="#ffebffe8"/></fillColor></a></r><t id="4d" x="1520.55078125" y="656.7080078125"><a><text><string>Bibliotec&#xe1;rio</string></text></a></t></children></ent><rel id="4e"><children><diamond id="4f" x="1512" y="754" w="91" h="40"><a><fillColor><color rgba="#ffddddff"/></fillColor></a></diamond><t id="50" x="1525.203125" y="766.7080078125"><a><text><string>Supervisor</string></text></a></t></children></rel><ent id="51"><children><r id="52" x="1360" y="755" w="97" h="40"><a><fillColor><color rgba="#ffebffe8"/></fillColor></a></r><t id="53" x="1377.7001953125" y="767.7080078125"><a><text><string>Assistente</string></text></a></t></children></ent><llabelDoubleMuitos id="54"><points><p colinear="true" x="1512" y="774.3053691275168" c1x="458.9262295081967" c1y="266.0323741007194" c2x="458.9262295081967" c2y="266.0323741007194"/><p colinear="true" x="1457" y="774.6744966442953" c1x="458.9262295081967" c1y="266.0323741007194" c2x="458.9262295081967" c2y="266.0323741007194"/></points><startConnector><rConnector id="55"><Owner><rel ref="4e"/></Owner></rConnector></startConnector><endConnector><rConnector id="56"><Owner><ent ref="51"/></Owner></rConnector></endConnector><a><innerStrokeWidthFactor><double>3</double></innerStrokeWidthFactor><text><string>N</string></text></a></llabelDoubleMuitos><atrchave id="57" nullable="false" attributeType="NUMBER"><children><e id="58" x="367" y="485" w="80" h="20"><a><fillColor><color rgba="#ffffebeb"/></fillColor></a></e><t id="59" x="375.013671875" y="487.7080078125"><a><fontUnderlined><boolean>true</boolean></fontUnderlined><fontBold><boolean>true</boolean></fontBold><text><string>matricula</string></text></a></t></children></atrchave><atr id="5a" nullable="false" attributeType="VARCHAR2(128)"><children><e id="5b" x="393" y="439" w="80" h="20"><a><fillColor><color rgba="#ffffebeb"/></fillColor></a></e><t id="5c" x="416.1513671875" y="441.7080078125"><a><text><string>nome</string></text></a></t></children></atr><atr id="5d" nullable="false" attributeType="VARCHAR2(128)"><children><e id="5e" x="453" y="416" w="80" h="20"><a><fillColor><color rgba="#ffffebeb"/></fillColor></a></e><t id="5f" x="465.4140625" y="418.7080078125"><a><text><string>endere&#xe7;o</string></text></a></t></children></atr><lcaf id="60"><points><p colinear="true" x="423.3768115942029" y="505" c1x="338" c1y="172" c2x="338" c2y="172"/><p colinear="true" x="487.2463768115942" y="544" c1x="338" c1y="172" c2x="338" c2y="172"/></points><startConnector><rConnector id="61"><Owner><atrchave ref="57"/></Owner></rConnector></startConnector><endConnector><rConnector id="62"><Owner><ent ref="2a"/></Owner></rConnector></endConnector></lcaf><lcaf id="63"><points><p colinear="true" x="440.5652173913044" y="459" c1x="338" c1y="172" c2x="338" c2y="172"/><p colinear="true" x="504.8695652173913" y="544" c1x="338" c1y="172" c2x="338" c2y="172"/></points><startConnector><rConnector id="64"><Owner><atr ref="5a"/></Owner></rConnector></startConnector><endConnector><rConnector id="65"><Owner><ent ref="2a"/></Owner></rConnector></endConnector></lcaf><lcaf id="66"><points><p colinear="true" x="494.95652173913044" y="436" c1x="338" c1y="172" c2x="338" c2y="172"/><p colinear="true" x="516.0869565217391" y="544" c1x="338" c1y="172" c2x="338" c2y="172"/></points><startConnector><rConnector id="67"><Owner><atr ref="5d"/></Owner></rConnector></startConnector><endConnector><rConnector id="68"><Owner><ent ref="2a"/></Owner></rConnector></endConnector></lcaf><atrchave id="69" nullable="false" attributeType="NUMBER"><children><e id="6a" x="1450" y="244" w="77.2578125" h="25"><a><fillColor><color rgba="#ffffebeb"/></fillColor></a></e><t id="6b" x="1460" y="249.2080078125"><a><fontUnderlined><boolean>true</boolean></fontUnderlined><fontBold><boolean>true</boolean></fontBold><text><string>id_autor</string></text></a></t></children></atrchave><lcaf id="6c"><points><p colinear="true" x="1479.796535326087" y="269" c1x="339" c1y="185" c2x="339" c2y="185"/><p colinear="true" x="1462.1317934782608" y="294" c1x="339" c1y="185" c2x="339" c2y="185"/></points><startConnector><rConnector id="6d"><Owner><atrchave ref="69"/></Owner></rConnector></startConnector><endConnector><rConnector id="6e"><Owner><ent ref="f"/></Owner></rConnector></endConnector></lcaf><atr id="6f" nullable="false" attributeType="VARCHAR2(128)"><children><e id="70" x="555" y="800" w="114.39453125" h="20"><a><fillColor><color rgba="#ffffebeb"/></fillColor></a></e><t id="71" x="565" y="802.7080078125"><a><text><string>num_max_emp</string></text></a></t></children></atr><lcaf id="72"><points><p colinear="true" x="542.487137957317" y="748" c1x="339" c1y="185" c2x="339" c2y="185"/><p colinear="true" x="600.9536966463414" y="800" c1x="339" c1y="185" c2x="339" c2y="185"/></points><startConnector><rConnector id="73"><Owner><ent ref="30"/></Owner></rConnector></startConnector><endConnector><rConnector id="74"><Owner><atr ref="6f"/></Owner></rConnector></endConnector></lcaf><ta id="75" x="569" y="828" w="216" h="84"><a><fontSize><double>11</double></fontSize><text><string>O num_max_emp &#xe9; um n&#xfa;mero arbitrario referente &#xe0; categoria do usu&#xe1;rio, referenciando o num&#xe9;rio de emprestimos maximos por categoria. </string></text></a></ta><atr id="76" nullable="false" attributeType="VARCHAR2(128)"><children><e id="77" x="1158" y="510" w="100" h="20"><a><fillColor><color rgba="#ffffebeb"/></fillColor></a></e><t id="78" x="1174.044921875" y="512.7080078125"><a><text><string>Eh_reserva</string></text></a></t></children></atr><lcaf id="79"><points><p colinear="true" x="1100" y="547.7297297297297" c1x="339" c1y="185" c2x="339" c2y="185"/><p colinear="true" x="1169.0526315789473" y="530" c1x="339" c1y="185" c2x="339" c2y="185"/></points><startConnector><rConnector id="7a"><Owner><entfraca ref="1b"/></Owner></rConnector></startConnector><endConnector><rConnector id="7b"><Owner><atr ref="76"/></Owner></rConnector></endConnector></lcaf><ent id="7c"><children><r id="7d" x="558" y="282" w="80" h="40"><a><fillColor><color rgba="#ffebffe8"/></fillColor></a></r><t id="7e" x="574.5771484375" y="294.7080078125"><a><text><string>Cole&#xe7;&#xe3;o</string></text></a></t></children></ent><atrchave id="7f" nullable="false" attributeType="NUMBER"><children><e id="80" x="414" y="254" w="80" h="20"><a><fillColor><color rgba="#ffffebeb"/></fillColor></a></e><t id="81" x="418.146484375" y="256.7080078125"><a><fontUnderlined><boolean>true</boolean></fontUnderlined><fontBold><boolean>true</boolean></fontBold><text><string>id_cole&#xe7;&#xe3;o</string></text></a></t></children></atrchave><atr id="82" nullable="false" attributeType="VARCHAR2(128)"><children><e id="83" x="490" y="228" w="80" h="20"><a><fillColor><color rgba="#ffffebeb"/></fillColor></a></e><t id="84" x="513.1513671875" y="230.7080078125"><a><text><string>nome</string></text></a></t></children></atr><lcaf id="85"><points><p colinear="true" x="540.625" y="248" c1x="322" c1y="201" c2x="322" c2y="201"/><p colinear="true" x="576.75" y="282" c1x="322" c1y="201" c2x="322" c2y="201"/></points><startConnector><rConnector id="86"><Owner><atr ref="82"/></Owner></rConnector></startConnector><endConnector><rConnector id="87"><Owner><ent ref="7c"/></Owner></rConnector></endConnector></lcaf><lcaf id="88"><points><p colinear="true" x="491.89473684210526" y="274" c1x="322" c1y="201" c2x="322" c2y="201"/><p colinear="true" x="558" y="291.44444444444446" c1x="322" c1y="201" c2x="322" c2y="201"/></points><startConnector><rConnector id="89"><Owner><atrchave ref="7f"/></Owner></rConnector></startConnector><endConnector><rConnector id="8a"><Owner><ent ref="7c"/></Owner></rConnector></endConnector></lcaf><rel id="8b"><children><diamond id="8c" x="781" y="289" w="80" h="40"><a><fillColor><color rgba="#ffddddff"/></fillColor></a></diamond><t id="8d" x="808.33203125" y="301.7080078125"><a><text><string>est&#xe1;</string></text></a></t></children></rel><llabelDoubleMuitos id="8e"><points><p colinear="true" x="861" y="310.1914893617021" c1x="339" c1y="185" c2x="339" c2y="185"/><p colinear="true" x="1016" y="314.8085106382979" c1x="339" c1y="185" c2x="339" c2y="185"/></points><startConnector><rConnector id="8f"><Owner><rel ref="8b"/></Owner></rConnector></startConnector><endConnector><rConnector id="90"><Owner><ent ref="0"/></Owner></rConnector></endConnector><a><innerStrokeWidthFactor><double>3</double></innerStrokeWidthFactor><text><string>N</string></text></a></llabelDoubleMuitos><llabelDoubleUm id="91"><points><p colinear="true" x="781" y="307.74439461883406" c1x="339" c1y="185" c2x="339" c2y="185"/><p colinear="true" x="638" y="303.25560538116594" c1x="339" c1y="185" c2x="339" c2y="185"/></points><startConnector><rConnector id="92"><Owner><rel ref="8b"/></Owner></rConnector></startConnector><endConnector><rConnector id="93"><Owner><ent ref="7c"/></Owner></rConnector></endConnector><a><innerStrokeWidthFactor><double>3</double></innerStrokeWidthFactor></a></llabelDoubleUm><llabelMuitos id="94"><points><p colinear="true" x="1557.5" y="754" c1x="369" c1y="207" c2x="369" c2y="207"/><p colinear="true" x="1557.5" y="684" c1x="369" c1y="207" c2x="369" c2y="207"/></points><startConnector><rConnector id="95"><Owner><rel ref="4e"/></Owner></rConnector></startConnector><endConnector><rConnector id="96"><Owner><ent ref="4b"/></Owner></rConnector></endConnector><a><text><string>M</string></text></a></llabelMuitos><rel id="97"><children><diamond id="98" x="247" y="541" w="107" h="54"><a><fillColor><color rgba="#ffddddff"/></fillColor></a></diamond><t id="99" x="288.7255859375" y="560.7080078125"><a><text><string>tem</string></text></a></t></children></rel><entfraca id="9a"><children><r id="9b" x="50" y="546" w="88" h="41"><a><fillColor><color rgba="#ffebffe8"/></fillColor><strokeType><enum type="strokeType">DOUBLE</enum></strokeType><innerStrokeWidthFactor><double>3</double></innerStrokeWidthFactor></a></r><t id="9c" x="77.5322265625" y="559.2080078125"><a><text><string>Multa</string></text></a></t></children></entfraca><llabelDoubleMuitos id="9d"><points><p colinear="true" x="247" y="567.6113801452784" c1x="20" c1y="128" c2x="20" c2y="128"/><p colinear="true" x="138" y="566.819612590799" c1x="20" c1y="128" c2x="20" c2y="128"/></points><startConnector><rConnector id="9e"><Owner><rel ref="97"/></Owner></rConnector></startConnector><endConnector><rConnector id="9f"><Owner><entfraca ref="9a"/></Owner></rConnector></endConnector><a><innerStrokeWidthFactor><double>3</double></innerStrokeWidthFactor><text><string>N</string></text></a></llabelDoubleMuitos><llabelUm id="a0"><points><p colinear="true" x="354" y="567.0250569476082" c1x="20" c1y="128" c2x="20" c2y="128"/><p colinear="true" x="480" y="564.7289293849658" c1x="20" c1y="128" c2x="20" c2y="128"/></points><startConnector><rConnector id="a1"><Owner><rel ref="97"/></Owner></rConnector></startConnector><endConnector><rConnector id="a2"><Owner><ent ref="2a"/></Owner></rConnector></endConnector></llabelUm><atrchave id="a3" nullable="false" attributeType="NUMBER"><children><e id="a4" x="41" y="484" w="107" h="27"><a><fillColor><color rgba="#ffffebeb"/></fillColor></a></e><t id="a5" x="64.5732421875" y="490.2080078125"><a><fontUnderlined><boolean>true</boolean></fontUnderlined><fontBold><boolean>true</boolean></fontBold><text><string>id_multa</string></text></a></t></children></atrchave><atr id="a6" nullable="false" attributeType="VARCHAR2(128)"><children><e id="a7" x="17" y="608" w="71" h="27"><a><fillColor><color rgba="#ffffebeb"/></fillColor></a></e><t id="a8" x="37.4970703125" y="614.2080078125"><a><text><string>valor</string></text></a></t></children></atr><lcaf id="a9"><points><p colinear="true" x="94.40217391304347" y="511" c1x="20" c1y="128" c2x="20" c2y="128"/><p colinear="true" x="94.14855072463769" y="546" c1x="20" c1y="128" c2x="20" c2y="128"/></points><startConnector><rConnector id="aa"><Owner><atrchave ref="a3"/></Owner></rConnector></startConnector><endConnector><rConnector id="ab"><Owner><entfraca ref="9a"/></Owner></rConnector></endConnector></lcaf><lcaf id="ac"><points><p colinear="true" x="62.68636363636363" y="608" c1x="20" c1y="128" c2x="20" c2y="128"/><p colinear="true" x="78.53181818181818" y="587" c1x="20" c1y="128" c2x="20" c2y="128"/></points><startConnector><rConnector id="ad"><Owner><atr ref="a6"/></Owner></rConnector></startConnector><endConnector><rConnector id="ae"><Owner><entfraca ref="9a"/></Owner></rConnector></endConnector></lcaf><atr id="af" nullable="false" attributeType="VARCHAR2(128)"><children><e id="b0" x="1512" y="270" w="59" h="26"><a><fillColor><color rgba="#ffffebeb"/></fillColor></a></e><t id="b1" x="1524.6513671875" y="275.7080078125"><a><text><string>nome</string></text></a></t></children></atr><lcaf id="b2"><points><p colinear="true" x="1488" y="300.7379679144385" c1x="20" c1y="128" c2x="20" c2y="128"/><p colinear="true" x="1512" y="292.7807486631016" c1x="20" c1y="128" c2x="20" c2y="128"/></points><startConnector><rConnector id="b3"><Owner><ent ref="f"/></Owner></rConnector></startConnector><endConnector><rConnector id="b4"><Owner><atr ref="af"/></Owner></rConnector></endConnector></lcaf><llabelDoubleMuitos id="b5"><points><p colinear="true" x="1212" y="317.59183673469386" c1x="20" c1y="128" c2x="20" c2y="128"/><p colinear="true" x="1096" y="316.40816326530614" c1x="20" c1y="128" c2x="20" c2y="128"/></points><startConnector><rConnector id="b6"><Owner><rel ref="12"/></Owner></rConnector></startConnector><endConnector><rConnector id="b7"><Owner><ent ref="0"/></Owner></rConnector></endConnector><a><innerStrokeWidthFactor><double>3</double></innerStrokeWidthFactor><text><string>M</string></text></a></llabelDoubleMuitos><ent id="b8"><children><r id="b9" x="1012" y="65" w="80" h="40"><a><fillColor><color rgba="#ffebffe8"/></fillColor></a></r><t id="ba" x="1030.6513671875" y="77.7080078125"><a><text><string>Editora</string></text></a></t></children></ent><rel id="bb"><children><diamond id="bc" x="1013" y="178" w="80" h="40"><a><fillColor><color rgba="#ffddddff"/></fillColor></a></diamond><t id="bd" x="1031.7041015625" y="190.7080078125"><a><text><string>publica</string></text></a></t></children></rel><llabelDoubleMuitos id="be"><points><p colinear="true" x="1053.5084745762713" y="218" c1x="0" c1y="0" c2x="0" c2y="0"/><p colinear="true" x="1055.4915254237287" y="296" c1x="0" c1y="0" c2x="0" c2y="0"/></points><startConnector><rConnector id="bf"><Owner><rel ref="bb"/></Owner></rConnector></startConnector><endConnector><rConnector id="c0"><Owner><ent ref="0"/></Owner></rConnector></endConnector><a><innerStrokeWidthFactor><double>3</double></innerStrokeWidthFactor><text><string>N</string></text></a></llabelDoubleMuitos><llabelDoubleUm id="c1"><points><p colinear="true" x="1052.8230088495575" y="178" c1x="0" c1y="0" c2x="0" c2y="0"/><p colinear="true" x="1052.1769911504425" y="105" c1x="0" c1y="0" c2x="0" c2y="0"/></points><startConnector><rConnector id="c2"><Owner><rel ref="bb"/></Owner></rConnector></startConnector><endConnector><rConnector id="c3"><Owner><ent ref="b8"/></Owner></rConnector></endConnector><a><innerStrokeWidthFactor><double>3</double></innerStrokeWidthFactor></a></llabelDoubleUm><atrchave id="c4" nullable="false" attributeType="NUMBER"><children><e id="c5" x="843" y="27" w="107" h="26"><a><fillColor><color rgba="#ffffebeb"/></fillColor></a></e><t id="c6" x="861.9150390625" y="32.7080078125"><a><fontUnderlined><boolean>true</boolean></fontUnderlined><fontBold><boolean>true</boolean></fontBold><text><string>id_editora</string></text></a></t></children></atrchave><atr id="c7" nullable="false" attributeType="VARCHAR2(128)"><children><e id="c8" x="1097" y="25" w="107" h="27"><a><fillColor><color rgba="#ffffebeb"/></fillColor></a></e><t id="c9" x="1122.9140625" y="31.2080078125"><a><text><string>endere&#xe7;o</string></text></a></t></children></atr><atr id="ca" nullable="false" attributeType="VARCHAR2(128)"><children><e id="cb" x="960" y="13" w="107" h="27"><a><fillColor><color rgba="#ffffebeb"/></fillColor></a></e><t id="cc" x="996.6513671875" y="19.2080078125"><a><text><string>nome</string></text></a></t></children></atr><lcaf id="cd"><points><p colinear="true" x="941.4222222222222" y="53" c1x="0" c1y="0" c2x="0" c2y="0"/><p colinear="true" x="1012" y="73.42443729903538" c1x="0" c1y="0" c2x="0" c2y="0"/></points><startConnector><rConnector id="ce"><Owner><atrchave ref="c4"/></Owner></rConnector></startConnector><endConnector><rConnector id="cf"><Owner><ent ref="b8"/></Owner></rConnector></endConnector></lcaf><lcaf id="d0"><points><p colinear="true" x="1022.3846153846154" y="40" c1x="0" c1y="0" c2x="0" c2y="0"/><p colinear="true" x="1038.837606837607" y="65" c1x="0" c1y="0" c2x="0" c2y="0"/></points><startConnector><rConnector id="d1"><Owner><atr ref="ca"/></Owner></rConnector></startConnector><endConnector><rConnector id="d2"><Owner><ent ref="b8"/></Owner></rConnector></endConnector></lcaf><lcaf id="d3"><points><p colinear="true" x="1121.9032258064517" y="52" c1x="0" c1y="0" c2x="0" c2y="0"/><p colinear="true" x="1092" y="66.11675126903553" c1x="0" c1y="0" c2x="0" c2y="0"/></points><startConnector><rConnector id="d4"><Owner><atr ref="c7"/></Owner></rConnector></startConnector><endConnector><rConnector id="d5"><Owner><ent ref="b8"/></Owner></rConnector></endConnector></lcaf><atr id="d6" nullable="false" attributeType="VARCHAR2(128)"><children><e id="d7" x="698" y="486" w="88" h="26"><a><fillColor><color rgba="#ffffebeb"/></fillColor></a></e><t id="d8" x="715.2841796875" y="491.7080078125"><a><text><string>data_fim</string></text></a></t></children></atr><entrel id="d9"><children><r id="da" x="740" y="536" w="106" h="53"><a><fillColor><color rgba="#ffebffe8"/></fillColor></a></r><diamond id="db" x="742" y="538" w="99" h="46"><a><fillColor><color rgba="#ffddddff"/></fillColor></a></diamond><t id="dc" x="756.8828125" y="555.2080078125"><a><text><string>Emprestimo</string></text></a></t></children></entrel><llabelUm id="dd"><points><p colinear="true" x="740" y="562.7912087912088" c1x="0" c1y="0" c2x="0" c2y="0"/><p colinear="true" x="560" y="563.7802197802198" c1x="0" c1y="0" c2x="0" c2y="0"/></points><startConnector><rConnector id="de"><Owner><entrel ref="d9"/></Owner></rConnector></startConnector><endConnector><rConnector id="df"><Owner><ent ref="2a"/></Owner></rConnector></endConnector></llabelUm><llabelMuitos id="e0"><points><p colinear="true" x="846" y="561.6067415730337" c1x="0" c1y="0" c2x="0" c2y="0"/><p colinear="true" x="1020" y="558.6741573033707" c1x="0" c1y="0" c2x="0" c2y="0"/></points><startConnector><rConnector id="e1"><Owner><entrel ref="d9"/></Owner></rConnector></startConnector><endConnector><rConnector id="e2"><Owner><entfraca ref="1b"/></Owner></rConnector></endConnector><a><text><string>N</string></text></a></llabelMuitos><lcaf id="e3"><points><p colinear="true" x="771.7165354330708" y="536" c1x="0" c1y="0" c2x="0" c2y="0"/><p colinear="true" x="752.4409448818898" y="512" c1x="0" c1y="0" c2x="0" c2y="0"/></points><startConnector><rConnector id="e4"><Owner><entrel ref="d9"/></Owner></rConnector></startConnector><endConnector><rConnector id="e5"><Owner><atr ref="d6"/></Owner></rConnector></endConnector></lcaf><atr id="e6" nullable="false" attributeType="VARCHAR2(128)"><children><e id="e7" x="853" y="481" w="107" h="27"><a><fillColor><color rgba="#ffffebeb"/></fillColor></a></e><t id="e8" x="873.8720703125" y="487.2080078125"><a><text><string>data_inicio</string></text></a></t></children></atr><lcaf id="e9"><points><p colinear="true" x="883.9669117647059" y="508" c1x="0" c1y="0" c2x="0" c2y="0"/><p colinear="true" x="837.2316176470588" y="536" c1x="0" c1y="0" c2x="0" c2y="0"/></points><startConnector><rConnector id="ea"><Owner><atr ref="e6"/></Owner></rConnector></startConnector><endConnector><rConnector id="eb"><Owner><entrel ref="d9"/></Owner></rConnector></endConnector></lcaf><atr id="ec" nullable="false" attributeType="VARCHAR2(128)"><children><e id="ed" x="748" y="456" w="107" h="27"><a><fillColor><color rgba="#ffffebeb"/></fillColor></a></e><t id="ee" x="753.1572265625" y="462.2080078125"><a><text><string>num_renovacao</string></text></a></t></children></atr><lcaf id="ef"><points><p colinear="true" x="800.266129032258" y="483" c1x="0" c1y="0" c2x="0" c2y="0"/><p colinear="true" x="795.4220430107526" y="536" c1x="0" c1y="0" c2x="0" c2y="0"/></points><startConnector><rConnector id="f0"><Owner><atr ref="ec"/></Owner></rConnector></startConnector><endConnector><rConnector id="f1"><Owner><entrel ref="d9"/></Owner></rConnector></endConnector></lcaf><atrchave id="f2" nullable="false" attributeType="NUMBER"><children><e id="f3" x="851" y="609" w="107" h="27"><a><fillColor><color rgba="#ffffebeb"/></fillColor></a></e><t id="f4" x="853.681640625" y="615.2080078125"><a><fontUnderlined><boolean>true</boolean></fontUnderlined><fontBold><boolean>true</boolean></fontBold><text><string>id_emprestimo</string></text></a></t></children></atrchave><lcaf id="f5"><points><p colinear="true" x="842.2458333333334" y="589" c1x="0" c1y="0" c2x="0" c2y="0"/><p colinear="true" x="879.4125" y="609" c1x="0" c1y="0" c2x="0" c2y="0"/></points><startConnector><rConnector id="f6"><Owner><entrel ref="d9"/></Owner></rConnector></startConnector><endConnector><rConnector id="f7"><Owner><atrchave ref="f2"/></Owner></rConnector></endConnector></lcaf><atr id="f8" nullable="false" attributeType="VARCHAR2(128)"><children><e id="f9" x="835" y="436" w="107" h="26"><a><fillColor><color rgba="#ffffebeb"/></fillColor></a></e><t id="fa" x="851.0732421875" y="441.7080078125"><a><text><string>eh_atrasado</string></text></a></t></children></atr><lcaf id="fb"><points><p colinear="true" x="815.2973568281939" y="536" c1x="0" c1y="0" c2x="0" c2y="0"/><p colinear="true" x="877.5616740088105" y="462" c1x="0" c1y="0" c2x="0" c2y="0"/></points><startConnector><rConnector id="fc"><Owner><entrel ref="d9"/></Owner></rConnector></startConnector><endConnector><rConnector id="fd"><Owner><atr ref="f8"/></Owner></rConnector></endConnector></lcaf><ta id="fe" x="984" y="613" w="216" h="76"><a><fontSize><double>11</double></fontSize><text><string>id_emprestimo faz parte da entidade, os outros atributos pertence ao relacionamento entre usu&#xe1;rios e exemplar.
</string></text></a></ta><rel id="ff"><children><diamond id="100" x="743" y="708" w="106" h="53"><a><fillColor><color rgba="#ffddddff"/></fillColor></a></diamond><t id="101" x="771.8388671875" y="727.2080078125"><a><text><string>Reserva</string></text></a></t></children></rel><llabelMuitos id="102"><points><p colinear="true" x="753.1026392961877" y="708" c1x="0" c1y="0" c2x="0" c2y="0"/><p colinear="true" x="552.375366568915" y="584" c1x="0" c1y="0" c2x="0" c2y="0"/></points><startConnector><rConnector id="103"><Owner><rel ref="ff"/></Owner></rConnector></startConnector><endConnector><rConnector id="104"><Owner><ent ref="2a"/></Owner></rConnector></endConnector><a><text><string>N</string></text></a></llabelMuitos><llabelMuitos id="105"><points><p colinear="true" x="795.5377906976744" y="708" c1x="0" c1y="0" c2x="0" c2y="0"/><p colinear="true" x="793.4622093023256" y="589" c1x="0" c1y="0" c2x="0" c2y="0"/></points><startConnector><rConnector id="106"><Owner><rel ref="ff"/></Owner></rConnector></startConnector><endConnector><rConnector id="107"><Owner><entrel ref="d9"/></Owner></rConnector></endConnector><a><text><string>M</string></text></a></llabelMuitos><atrchave id="108" nullable="false" attributeType="NUMBER"><children><e id="109" x="885" y="716" w="107" h="27"><a><fillColor><color rgba="#ffffebeb"/></fillColor></a></e><t id="10a" x="902.587890625" y="722.2080078125"><a><fontUnderlined><boolean>true</boolean></fontUnderlined><fontBold><boolean>true</boolean></fontBold><text><string>id_reserva</string></text></a></t></children></atrchave><atr id="10b" nullable="false" attributeType="VARCHAR2(128)"><children><e id="10c" x="901" y="752" w="62" h="27"><a><fillColor><color rgba="#ffffebeb"/></fillColor></a></e><t id="10d" x="918.6904296875" y="758.2080078125"><a><text><string>data</string></text></a></t></children></atr><atr id="10e" nullable="false" attributeType="VARCHAR2(128)"><children><e id="10f" x="892" y="788" w="69" h="27"><a><fillColor><color rgba="#ffffebeb"/></fillColor></a></e><t id="110" x="912.8974609375" y="794.2080078125"><a><text><string>hora</string></text></a></t></children></atr><lcaf id="111"><points><p colinear="true" x="847.6156716417911" y="761" c1x="0" c1y="0" c2x="0" c2y="0"/><p colinear="true" x="900.205223880597" y="788" c1x="0" c1y="0" c2x="0" c2y="0"/></points><startConnector><rConnector id="112"><Owner><rel ref="ff"/></Owner></rConnector></startConnector><endConnector><rConnector id="113"><Owner><atr ref="10e"/></Owner></rConnector></endConnector></lcaf><lcaf id="114"><points><p colinear="true" x="849" y="746.5808823529412" c1x="0" c1y="0" c2x="0" c2y="0"/><p colinear="true" x="901" y="758.4338235294117" c1x="0" c1y="0" c2x="0" c2y="0"/></points><startConnector><rConnector id="115"><Owner><rel ref="ff"/></Owner></rConnector></startConnector><endConnector><rConnector id="116"><Owner><atr ref="10b"/></Owner></rConnector></endConnector></lcaf><lcaf id="117"><points><p colinear="true" x="849" y="732.640350877193" c1x="0" c1y="0" c2x="0" c2y="0"/><p colinear="true" x="885" y="731.3771929824561" c1x="0" c1y="0" c2x="0" c2y="0"/></points><startConnector><rConnector id="118"><Owner><rel ref="ff"/></Owner></rConnector></startConnector><endConnector><rConnector id="119"><Owner><atrchave ref="108"/></Owner></rConnector></endConnector></lcaf><atrchave id="11a" nullable="false" attributeType="NUMBER"><children><e id="11b" x="1441" y="570" w="50" h="20"><a><fillColor><color rgba="#ffffebeb"/></fillColor></a></e><t id="11c" x="1455.740234375" y="572.7080078125"><a><fontUnderlined><boolean>true</boolean></fontUnderlined><fontBold><boolean>true</boolean></fontBold><text><string>cpf</string></text></a></t></children></atrchave><atr id="11d" nullable="false" attributeType="VARCHAR2(128)"><children><e id="11e" x="1515" y="549" w="46" h="22"><a><fillColor><color rgba="#ffffebeb"/></fillColor></a></e><t id="11f" x="1521.1513671875" y="552.7080078125"><a><text><string>nome</string></text></a></t></children></atr><atr id="120" nullable="false" attributeType="VARCHAR2(128)"><children><e id="121" x="1571" y="552" w="80" h="20"><a><fillColor><color rgba="#ffffebeb"/></fillColor></a></e><t id="122" x="1583.4140625" y="554.7080078125"><a><text><string>endere&#xe7;o</string></text></a></t></children></atr><lcaf id="123"><points><p colinear="true" x="1476.892857142857" y="590" c1x="0" c1y="0" c2x="0" c2y="0"/><p colinear="true" x="1535.7142857142858" y="644" c1x="0" c1y="0" c2x="0" c2y="0"/></points><startConnector><rConnector id="124"><Owner><atrchave ref="11a"/></Owner></rConnector></startConnector><endConnector><rConnector id="125"><Owner><ent ref="4b"/></Owner></rConnector></endConnector></lcaf><lcaf id="126"><points><p colinear="true" x="1540.0625" y="571" c1x="0" c1y="0" c2x="0" c2y="0"/><p colinear="true" x="1553.75" y="644" c1x="0" c1y="0" c2x="0" c2y="0"/></points><startConnector><rConnector id="127"><Owner><atr ref="11d"/></Owner></rConnector></startConnector><endConnector><rConnector id="128"><Owner><ent ref="4b"/></Owner></rConnector></endConnector></lcaf><lcaf id="129"><points><p colinear="true" x="1605.7549019607843" y="572" c1x="0" c1y="0" c2x="0" c2y="0"/><p colinear="true" x="1567.9901960784314" y="644" c1x="0" c1y="0" c2x="0" c2y="0"/></points><startConnector><rConnector id="12a"><Owner><atr ref="120"/></Owner></rConnector></startConnector><endConnector><rConnector id="12b"><Owner><ent ref="4b"/></Owner></rConnector></endConnector></lcaf><atr id="12c" nullable="false" attributeType="VARCHAR2(128)"><children><e id="12d" x="542" y="419" w="88" h="26"><a><fillColor><color rgba="#ffffebeb"/></fillColor></a></e><t id="12e" x="555.607421875" y="424.7080078125"><a><text><string>num_emp</string></text></a></t></children></atr><lcaf id="12f"><points><p colinear="true" x="579.5" y="445" c1x="0" c1y="0" c2x="0" c2y="0"/><p colinear="true" x="530" y="544" c1x="0" c1y="0" c2x="0" c2y="0"/></points><startConnector><rConnector id="130"><Owner><atr ref="12c"/></Owner></rConnector></startConnector><endConnector><rConnector id="131"><Owner><ent ref="2a"/></Owner></rConnector></endConnector></lcaf><atrchave id="132" nullable="false" attributeType="NUMBER"><children><e id="133" x="1200" y="822" w="50" h="20"><a><fillColor><color rgba="#ffffebeb"/></fillColor></a></e><t id="134" x="1214.740234375" y="824.7080078125"><a><fontUnderlined><boolean>true</boolean></fontUnderlined><fontBold><boolean>true</boolean></fontBold><text><string>cpf</string></text></a></t></children></atrchave><atr id="135" nullable="false" attributeType="VARCHAR2(128)"><children><e id="136" x="1243" y="853" w="46" h="22"><a><fillColor><color rgba="#ffffebeb"/></fillColor></a></e><t id="137" x="1249.1513671875" y="856.7080078125"><a><text><string>nome</string></text></a></t></children></atr><atr id="138" nullable="false" attributeType="VARCHAR2(128)"><children><e id="139" x="1304" y="871" w="80" h="20"><a><fillColor><color rgba="#ffffebeb"/></fillColor></a></e><t id="13a" x="1316.4140625" y="873.7080078125"><a><text><string>endere&#xe7;o</string></text></a></t></children></atr><lcaf id="13b"><points><p colinear="true" x="1250" y="824.2343324250681" c1x="0" c1y="0" c2x="0" c2y="0"/><p colinear="true" x="1360" y="790.0653950953679" c1x="0" c1y="0" c2x="0" c2y="0"/></points><startConnector><rConnector id="13c"><Owner><atrchave ref="132"/></Owner></rConnector></startConnector><endConnector><rConnector id="13d"><Owner><ent ref="51"/></Owner></rConnector></endConnector></lcaf><lcaf id="13e"><points><p colinear="true" x="1283.612359550562" y="853" c1x="0" c1y="0" c2x="0" c2y="0"/><p colinear="true" x="1376.4775280898875" y="795" c1x="0" c1y="0" c2x="0" c2y="0"/></points><startConnector><rConnector id="13f"><Owner><atr ref="135"/></Owner></rConnector></startConnector><endConnector><rConnector id="140"><Owner><ent ref="51"/></Owner></rConnector></endConnector></lcaf><lcaf id="141"><points><p colinear="true" x="1350.0849056603774" y="871" c1x="0" c1y="0" c2x="0" c2y="0"/><p colinear="true" x="1396.3301886792453" y="795" c1x="0" c1y="0" c2x="0" c2y="0"/></points><startConnector><rConnector id="142"><Owner><atr ref="138"/></Owner></rConnector></startConnector><endConnector><rConnector id="143"><Owner><ent ref="51"/></Owner></rConnector></endConnector></lcaf><atr id="144" nullable="false" attributeType="VARCHAR2(128)"><children><e id="145" x="1397" y="871" w="106" h="26"><a><fillColor><color rgba="#ffffebeb"/></fillColor></a></e><t id="146" x="1425.71875" y="876.7080078125"><a><text><string>telefone</string></text></a></t></children></atr><atr id="147" nullable="false" attributeType="VARCHAR2(128)"><children><e id="148" x="1639" y="586" w="106" h="26"><a><fillColor><color rgba="#ffffebeb"/></fillColor></a></e><t id="149" x="1667.71875" y="591.7080078125"><a><text><string>telefone</string></text></a></t></children></atr><lcaf id="14a"><points><p colinear="true" x="1445.0504587155963" y="871" c1x="0" c1y="0" c2x="0" c2y="0"/><p colinear="true" x="1416.1146788990825" y="795" c1x="0" c1y="0" c2x="0" c2y="0"/></points><startConnector><rConnector id="14b"><Owner><atr ref="144"/></Owner></rConnector></startConnector><endConnector><rConnector id="14c"><Owner><ent ref="51"/></Owner></rConnector></endConnector></lcaf><lcaf id="14d"><points><p colinear="true" x="1665.1" y="612" c1x="0" c1y="0" c2x="0" c2y="0"/><p colinear="true" x="1598.8846153846155" y="644" c1x="0" c1y="0" c2x="0" c2y="0"/></points><startConnector><rConnector id="14e"><Owner><atr ref="147"/></Owner></rConnector></startConnector><endConnector><rConnector id="14f"><Owner><ent ref="4b"/></Owner></rConnector></endConnector></lcaf><atr id="150" nullable="false" attributeType="VARCHAR2(128)"><children><e id="151" x="599" y="457" w="83" h="26"><a><fillColor><color rgba="#ffffebeb"/></fillColor></a></e><t id="152" x="616.21875" y="462.7080078125"><a><text><string>telefone</string></text></a></t></children></atr><lcaf id="153"><points><p colinear="true" x="623.8351063829787" y="483" c1x="0" c1y="0" c2x="0" c2y="0"/><p colinear="true" x="545.6382978723404" y="544" c1x="0" c1y="0" c2x="0" c2y="0"/></points><startConnector><rConnector id="154"><Owner><atr ref="150"/></Owner></rConnector></startConnector><endConnector><rConnector id="155"><Owner><ent ref="2a"/></Owner></rConnector></endConnector></lcaf><atr id="156" nullable="false" attributeType="VARCHAR2(128)"><children><e id="157" x="1162" y="544" w="124.478515625" h="20"><a><fillColor><color rgba="#ffffebeb"/></fillColor></a></e><t id="158" x="1172" y="546.7080078125"><a><text><string>esta_emprestado</string></text></a></t></children></atr><lcaf id="159"><points><p colinear="true" x="1162" y="555.5158192661478" c1x="0" c1y="0" c2x="0" c2y="0"/><p colinear="true" x="1100" y="557.0258114769207" c1x="0" c1y="0" c2x="0" c2y="0"/></points><startConnector><rConnector id="15a"><Owner><atr ref="156"/></Owner></rConnector></startConnector><endConnector><rConnector id="15b"><Owner><entfraca ref="1b"/></Owner></rConnector></endConnector></lcaf></figures></drawing>